INSERT INTO product_roots
(
    "name",
    "subtitle",
    "description",
    "sku_prefix",
    "manufacturer",
    "brand",
    "taxable",
    "cost",
    "product_weight",
    "product_height",
    "product_width",
    "product_length",
    "package_weight",
    "package_height",
    "package_width",
    "package_length",
    "quantity_per_package",
    "available_on"
)
VALUES
(
    /* name                 */ 'Your Favorite Band''s T-Shirt',
    /* subtitle             */ 'A t-shirt you can wear',
    /* description          */ 'Wear this if you''d like. Or don''t, I''m not in charge of your actions',
    /* sku_prefix           */ 't-shirt',
    /* manufacturer         */ 'Record Company',
    /* brand                */ 'Your Favorite Band',
    /* taxable              */ 'true',
    /* cost                 */ 20.00,
    /* product_weight       */ 1,
    /* product_height       */ 5,
    /* product_width        */ 5,
    /* product_length       */ 5,
    /* package_weight       */ 1,
    /* package_height       */ 5,
    /* package_width        */ 5,
    /* package_length       */ 5,
    /* quantity_per_package */ 1,
    /* available_on         */ NOW()
),
(
    /* name                 */ 'Sleeping People - Sleeping People',
    /* subtitle             */ 'A solid math rock album',
    /* description          */ 'Arbitrary description can go here because real product descriptions are technically copywritten.',
    /* sku_prefix           */ 'sleeping-people',
    /* manufacturer         */ 'Record Company',
    /* brand                */ 'Sleeping People',
    /* taxable              */ 'true',
    /* cost                 */ 5,
    /* product_weight       */ 1,
    /* product_height       */ 12,
    /* product_width        */ 12,
    /* product_length       */ .5,
    /* package_weight       */ 1,
    /* package_height       */ 12,
    /* package_width        */ 12,
    /* package_length       */ .5,
    /* quantity_per_package */ 1,
    /* available_on         */ NOW()
),
(
    /* name                 */ 'Jaga Jazzist - One Armed Bandit',
    /* subtitle             */ 'A solid jazz album',
    /* description          */ 'Arbitrary description can go here because real product descriptions are technically copywritten.',
    /* sku_prefix           */ 'one-armed-bandit',
    /* manufacturer         */ 'Record Company',
    /* brand                */ 'Jaga Jazzist',
    /* taxable              */ 'true',
    /* cost                 */ 5,
    /* product_weight       */ 1,
    /* product_height       */ 12,
    /* product_width        */ 12,
    /* product_length       */ .5,
    /* package_weight       */ 1,
    /* package_height       */ 12,
    /* package_width        */ 12,
    /* package_length       */ .5,
    /* quantity_per_package */ 1,
    /* available_on         */ NOW()
),
(
    /* name                 */ 'Cloudkicker - Let Yourself Be Huge',
    /* subtitle             */ 'A solid instrumental album',
    /* description          */ 'Arbitrary description can go here because real product descriptions are technically copywritten.',
    /* sku_prefix           */ 'let-yourself-be-huge',
    /* manufacturer         */ 'Record Company',
    /* brand                */ 'Cloudkicker',
    /* taxable              */ 'true',
    /* cost                 */ 5,
    /* product_weight       */ 1,
    /* product_height       */ 12,
    /* product_width        */ 12,
    /* product_length       */ .5,
    /* package_weight       */ 1,
    /* package_height       */ 12,
    /* package_width        */ 12,
    /* package_length       */ .5,
    /* quantity_per_package */ 1,
    /* available_on         */ NOW()
),
(
    /* name                 */ 'Animals As Leaders - The Joy Of Motion',
    /* subtitle             */ 'A solid prog metal album',
    /* description          */ 'Arbitrary description can go here because real product descriptions are technically copywritten.',
    /* sku_prefix           */ 'the-joy-of-motion',
    /* manufacturer         */ 'Record Company',
    /* brand                */ 'Animals As Leaders',
    /* taxable              */ 'true',
    /* cost                 */ 5,
    /* product_weight       */ 1,
    /* product_height       */ 12,
    /* product_width        */ 12,
    /* product_length       */ .5,
    /* package_weight       */ 1,
    /* package_height       */ 12,
    /* package_width        */ 12,
    /* package_length       */ .5,
    /* quantity_per_package */ 1,
    /* available_on         */ NOW()
),
(
    /* name                 */ 'Mort Garson - Mother Earth''s Plantasia',
    /* subtitle             */ 'A solid synth album',
    /* description          */ 'Arbitrary description can go here because real product descriptions are technically copywritten.',
    /* sku_prefix           */ 'mother-earths-plantasia',
    /* manufacturer         */ 'Record Company',
    /* brand                */ 'Mort Garson',
    /* taxable              */ 'true',
    /* cost                 */ 5,
    /* product_weight       */ 1,
    /* product_height       */ 12,
    /* product_width        */ 12,
    /* product_length       */ .5,
    /* package_weight       */ 1,
    /* package_height       */ 12,
    /* package_width        */ 12,
    /* package_length       */ .5,
    /* quantity_per_package */ 1,
    /* available_on         */ NOW()
),
(
    /* name                 */ 'Camel - The Snow Goose',
    /* subtitle             */ 'A solid prog rock album',
    /* description          */ 'Arbitrary description can go here because real product descriptions are technically copywritten.',
    /* sku_prefix           */ 'the-snow-goose',
    /* manufacturer         */ 'Record Company',
    /* brand                */ 'Camel',
    /* taxable              */ 'true',
    /* cost                 */ 5,
    /* product_weight       */ 1,
    /* product_height       */ 12,
    /* product_width        */ 12,
    /* product_length       */ .5,
    /* package_weight       */ 1,
    /* package_height       */ 12,
    /* package_width        */ 12,
    /* package_length       */ .5,
    /* quantity_per_package */ 1,
    /* available_on         */ NOW()
),
(
    /* name                 */ 'Piglet - Lava Land',
    /* subtitle             */ 'Another solid math rock album',
    /* description          */ 'Arbitrary description can go here because real product descriptions are technically copywritten.',
    /* sku_prefix           */ 'lava-land',
    /* manufacturer         */ 'Record Company',
    /* brand                */ 'Piglet',
    /* taxable              */ 'true',
    /* cost                 */ 5,
    /* product_weight       */ 1,
    /* product_height       */ 12,
    /* product_width        */ 12,
    /* product_length       */ .5,
    /* package_weight       */ 1,
    /* package_height       */ 12,
    /* package_width        */ 12,
    /* package_length       */ .5,
    /* quantity_per_package */ 1,
    /* available_on         */ NOW()
),
(
    /* name                 */ 'Tera Melos - Untitled',
    /* subtitle             */ 'Yet another solid math rock album',
    /* description          */ 'Arbitrary description can go here because real product descriptions are technically copywritten.',
    /* sku_prefix           */ 'untitled',
    /* manufacturer         */ 'Record Company',
    /* brand                */ 'Tera Melos',
    /* taxable              */ 'true',
    /* cost                 */ 5,
    /* product_weight       */ 1,
    /* product_height       */ 12,
    /* product_width        */ 12,
    /* product_length       */ .5,
    /* package_weight       */ 1,
    /* package_height       */ 12,
    /* package_width        */ 12,
    /* package_length       */ .5,
    /* quantity_per_package */ 1,
    /* available_on         */ NOW()
),
(
    /* name                 */ 'Frank Zappa - Jazz From Hell',
    /* subtitle             */ 'A solid Zappa album',
    /* description          */ 'Arbitrary description can go here because real product descriptions are technically copywritten.',
    /* sku_prefix           */ 'jazz-from-hell',
    /* manufacturer         */ 'Record Company',
    /* brand                */ 'Frank Zappa',
    /* taxable              */ 'true',
    /* cost                 */ 5,
    /* product_weight       */ 1,
    /* product_height       */ 12,
    /* product_width        */ 12,
    /* product_length       */ .5,
    /* package_weight       */ 1,
    /* package_height       */ 12,
    /* package_width        */ 12,
    /* package_length       */ .5,
    /* quantity_per_package */ 1,
    /* available_on         */ NOW()
),
(
    /* name                 */ 'CHON - Newborn Sun',
    /* subtitle             */ 'Yet another solid math rock album',
    /* description          */ 'Arbitrary description can go here because real product descriptions are technically copywritten.',
    /* sku_prefix           */ 'newborn-sun',
    /* manufacturer         */ 'Record Company',
    /* brand                */ 'CHON',
    /* taxable              */ 'true',
    /* cost                 */ 5,
    /* product_weight       */ 1,
    /* product_height       */ 12,
    /* product_width        */ 12,
    /* product_length       */ .5,
    /* package_weight       */ 1,
    /* package_height       */ 12,
    /* package_width        */ 12,
    /* package_length       */ .5,
    /* quantity_per_package */ 1,
    /* available_on         */ NOW()
);

INSERT INTO products
(
    "product_root_id",
    "name",
    "subtitle",
    "description",
    "option_summary",
    "sku",
    "upc",
    "manufacturer",
    "brand",
    "quantity",
    "taxable",
    "price",
    "on_sale",
    "sale_price",
    "cost",
    "product_weight",
    "product_height",
    "product_width",
    "product_length",
    "package_weight",
    "package_height",
    "package_width",
    "package_length",
    "quantity_per_package"
)
VALUES
(
    /* product_root_id      */ 1,
    /* name                 */ 'Your Favorite Band''s T-Shirt',
    /* subtitle             */ 'A t-shirt you can wear',
    /* description          */ 'Wear this if you''d like. Or don''t, I''m not in charge of your actions',
    /* option_summary       */ 'Size: Small, Color: Red',
    /* sku                  */ 't-shirt-small-red',
    /* upc                  */ '',
    /* manufacturer         */ 'Record Company',
    /* brand                */ 'Your Favorite Band',
    /* quantity             */ 666,
    /* taxable              */ 'true',
    /* price                */ 20.00,
    /* on_sale              */ 'false',
    /* sale_price           */ 0.00,
    /* cost                 */ 10,
    /* product_weight       */ 1,
    /* product_height       */ 5,
    /* product_width        */ 5,
    /* product_length       */ 5,
    /* package_weight       */ 1,
    /* package_height       */ 5,
    /* package_width        */ 5,
    /* package_length       */ 5,
    /* quantity_per_package */ 1
),
(
    /* product_root_id      */ 1,
    /* name                 */ 'Your Favorite Band''s T-Shirt',
    /* subtitle             */ 'A t-shirt you can wear',
    /* description          */ 'Wear this if you''d like. Or don''t, I''m not in charge of your actions',
    /* option_summary       */ 'Size: Medium, Color: Red',
    /* sku                  */ 't-shirt-medium-red',
    /* upc                  */ '',
    /* manufacturer         */ 'Record Company',
    /* brand                */ 'Your Favorite Band',
    /* quantity             */ 666,
    /* taxable              */ 'true',
    /* price                */ 20.00,
    /* on_sale              */ 'false',
    /* sale_price           */ 0.00,
    /* cost                 */ 10,
    /* product_weight       */ 1,
    /* product_height       */ 5,
    /* product_width        */ 5,
    /* product_length       */ 5,
    /* package_weight       */ 1,
    /* package_height       */ 5,
    /* package_width        */ 5,
    /* package_length       */ 5,
    /* quantity_per_package */ 1
),
(
    /* product_root_id      */ 1,
    /* name                 */ 'Your Favorite Band''s T-Shirt',
    /* subtitle             */ 'A t-shirt you can wear',
    /* description          */ 'Wear this if you''d like. Or don''t, I''m not in charge of your actions',
    /* option_summary       */ 'Size: Large, Color: Red',
    /* sku                  */ 't-shirt-large-red',
    /* upc                  */ '',
    /* manufacturer         */ 'Record Company',
    /* brand                */ 'Your Favorite Band',
    /* quantity             */ 666,
    /* taxable              */ 'true',
    /* price                */ 20.00,
    /* on_sale              */ 'false',
    /* sale_price           */ 0.00,
    /* cost                 */ 10,
    /* product_weight       */ 1,
    /* product_height       */ 5,
    /* product_width        */ 5,
    /* product_length       */ 5,
    /* package_weight       */ 1,
    /* package_height       */ 5,
    /* package_width        */ 5,
    /* package_length       */ 5,
    /* quantity_per_package */ 1
),
(
    /* product_root_id      */ 1,
    /* name                 */ 'Your Favorite Band''s T-Shirt',
    /* subtitle             */ 'A t-shirt you can wear',
    /* description          */ 'Wear this if you''d like. Or don''t, I''m not in charge of your actions',
    /* option_summary       */ 'Size: Small, Color: Blue',
    /* sku                  */ 't-shirt-small-blue',
    /* upc                  */ '',
    /* manufacturer         */ 'Record Company',
    /* brand                */ 'Your Favorite Band',
    /* quantity             */ 666,
    /* taxable              */ 'true',
    /* price                */ 20.00,
    /* on_sale              */ 'false',
    /* sale_price           */ 0.00,
    /* cost                 */ 10,
    /* product_weight       */ 1,
    /* product_height       */ 5,
    /* product_width        */ 5,
    /* product_length       */ 5,
    /* package_weight       */ 1,
    /* package_height       */ 5,
    /* package_width        */ 5,
    /* package_length       */ 5,
    /* quantity_per_package */ 1
),
(
    /* product_root_id      */ 1,
    /* name                 */ 'Your Favorite Band''s T-Shirt',
    /* subtitle             */ 'A t-shirt you can wear',
    /* description          */ 'Wear this if you''d like. Or don''t, I''m not in charge of your actions',
    /* option_summary       */ 'Size: Medium, Color: Blue',
    /* sku                  */ 't-shirt-medium-blue',
    /* upc                  */ '',
    /* manufacturer         */ 'Record Company',
    /* brand                */ 'Your Favorite Band',
    /* quantity             */ 666,
    /* taxable              */ 'true',
    /* price                */ 20.00,
    /* on_sale              */ 'false',
    /* sale_price           */ 0.00,
    /* cost                 */ 10,
    /* product_weight       */ 1,
    /* product_height       */ 5,
    /* product_width        */ 5,
    /* product_length       */ 5,
    /* package_weight       */ 1,
    /* package_height       */ 5,
    /* package_width        */ 5,
    /* package_length       */ 5,
    /* quantity_per_package */ 1
),
(
    /* product_root_id      */ 1,
    /* name                 */ 'Your Favorite Band''s T-Shirt',
    /* subtitle             */ 'A t-shirt you can wear',
    /* description          */ 'Wear this if you''d like. Or don''t, I''m not in charge of your actions',
    /* option_summary       */ 'Size: Large, Color: Blue',
    /* sku                  */ 't-shirt-large-blue',
    /* upc                  */ '',
    /* manufacturer         */ 'Record Company',
    /* brand                */ 'Your Favorite Band',
    /* quantity             */ 666,
    /* taxable              */ 'true',
    /* price                */ 20.00,
    /* on_sale              */ 'false',
    /* sale_price           */ 0.00,
    /* cost                 */ 10,
    /* product_weight       */ 1,
    /* product_height       */ 5,
    /* product_width        */ 5,
    /* product_length       */ 5,
    /* package_weight       */ 1,
    /* package_height       */ 5,
    /* package_width        */ 5,
    /* package_length       */ 5,
    /* quantity_per_package */ 1
),
(
    /* product_root_id      */ 1,
    /* name                 */ 'Your Favorite Band''s T-Shirt',
    /* subtitle             */ 'A t-shirt you can wear',
    /* description          */ 'Wear this if you''d like. Or don''t, I''m not in charge of your actions',
    /* option_summary       */ 'Size: Small, Color: Green',
    /* sku                  */ 't-shirt-small-green',
    /* upc                  */ '',
    /* manufacturer         */ 'Record Company',
    /* brand                */ 'Your Favorite Band',
    /* quantity             */ 666,
    /* taxable              */ 'true',
    /* price                */ 20.00,
    /* on_sale              */ 'false',
    /* sale_price           */ 0.00,
    /* cost                 */ 10,
    /* product_weight       */ 1,
    /* product_height       */ 5,
    /* product_width        */ 5,
    /* product_length       */ 5,
    /* package_weight       */ 1,
    /* package_height       */ 5,
    /* package_width        */ 5,
    /* package_length       */ 5,
    /* quantity_per_package */ 1
),
(
    /* product_root_id      */ 1,
    /* name                 */ 'Your Favorite Band''s T-Shirt',
    /* subtitle             */ 'A t-shirt you can wear',
    /* description          */ 'Wear this if you''d like. Or don''t, I''m not in charge of your actions',
    /* option_summary       */ 'Size: Medium, Color: Green',
    /* sku                  */ 't-shirt-medium-green',
    /* upc                  */ '',
    /* manufacturer         */ 'Record Company',
    /* brand                */ 'Your Favorite Band',
    /* quantity             */ 666,
    /* taxable              */ 'true',
    /* price                */ 20.00,
    /* on_sale              */ 'false',
    /* sale_price           */ 0.00,
    /* cost                 */ 10,
    /* product_weight       */ 1,
    /* product_height       */ 5,
    /* product_width        */ 5,
    /* product_length       */ 5,
    /* package_weight       */ 1,
    /* package_height       */ 5,
    /* package_width        */ 5,
    /* package_length       */ 5,
    /* quantity_per_package */ 1
),
(
    /* product_root_id      */ 1,
    /* name                 */ 'Your Favorite Band''s T-Shirt',
    /* subtitle             */ 'A t-shirt you can wear',
    /* description          */ 'Wear this if you''d like. Or don''t, I''m not in charge of your actions',
    /* option_summary       */ 'Size: Large, Color: Green',
    /* sku                  */ 't-shirt-large-green',
    /* upc                  */ '',
    /* manufacturer         */ 'Record Company',
    /* brand                */ 'Your Favorite Band',
    /* quantity             */ 666,
    /* taxable              */ 'true',
    /* price                */ 20.00,
    /* on_sale              */ 'false',
    /* sale_price           */ 0.00,
    /* cost                 */ 10,
    /* product_weight       */ 1,
    /* product_height       */ 5,
    /* product_width        */ 5,
    /* product_length       */ 5,
    /* package_weight       */ 1,
    /* package_height       */ 5,
    /* package_width        */ 5,
    /* package_length       */ 5,
    /* quantity_per_package */ 1
),(
    /* product_root_id      */ 2,
    /* name                 */ 'Sleeping People - Sleeping People',
    /* subtitle             */ 'A solid math rock album',
    /* description          */ 'Arbitrary description can go here because real product descriptions are technically copywritten.',
    /* option_summary       */ '',
    /* sku                  */ 'sleeping-people',
    /* upc                  */ '656605908410',
    /* manufacturer         */ 'Record Company',
    /* brand                */ 'Sleeping People',
    /* quantity             */ 123,
    /* taxable              */ 'true',
    /* price                */ 12.34,
    /* on_sale              */ 'false',
    /* sale_price           */ 0.00,
    /* cost                 */ 5,
    /* product_weight       */ 1,
    /* product_height       */ 12,
    /* product_width        */ 12,
    /* product_length       */ .5,
    /* package_weight       */ 1,
    /* package_height       */ 12,
    /* package_width        */ 12,
    /* package_length       */ .5,
    /* quantity_per_package */ 1
),
(
    /* product_root_id      */ 3,
    /* name                 */ 'Jaga Jazzist - One Armed Bandit',
    /* subtitle             */ 'A solid jazz album',
    /* description          */ 'Arbitrary description can go here because real product descriptions are technically copywritten.',
    /* option_summary       */ '',
    /* sku                  */ 'one-armed-bandit',
    /* upc                  */ '5021392578187',
    /* manufacturer         */ 'Record Company',
    /* brand                */ 'Jaga Jazzist',
    /* quantity             */ 123,
    /* taxable              */ 'true',
    /* price                */ 12.34,
    /* on_sale              */ 'false',
    /* sale_price           */ 0.00,
    /* cost                 */ 5,
    /* product_weight       */ 1,
    /* product_height       */ 12,
    /* product_width        */ 12,
    /* product_length       */ .5,
    /* package_weight       */ 1,
    /* package_height       */ 12,
    /* package_width        */ 12,
    /* package_length       */ .5,
    /* quantity_per_package */ 1
),
(
    /* product_root_id      */ 4,
    /* name                 */ 'Cloudkicker - Let Yourself Be Huge',
    /* subtitle             */ 'A solid instrumental album',
    /* description          */ 'Arbitrary description can go here because real product descriptions are technically copywritten.',
    /* option_summary       */ '',
    /* sku                  */ 'let-yourself-be-huge',
    /* upc                  */ '',
    /* manufacturer         */ 'Record Company',
    /* brand                */ 'Cloudkicker',
    /* quantity             */ 123,
    /* taxable              */ 'true',
    /* price                */ 12.34,
    /* on_sale              */ 'false',
    /* sale_price           */ 0.00,
    /* cost                 */ 5,
    /* product_weight       */ 1,
    /* product_height       */ 12,
    /* product_width        */ 12,
    /* product_length       */ .5,
    /* package_weight       */ 1,
    /* package_height       */ 12,
    /* package_width        */ 12,
    /* package_length       */ .5,
    /* quantity_per_package */ 1
),
(
    /* product_root_id      */ 5,
    /* name                 */ 'Animals As Leaders - The Joy Of Motion',
    /* subtitle             */ 'A solid prog metal album',
    /* description          */ 'Arbitrary description can go here because real product descriptions are technically copywritten.',
    /* option_summary       */ '',
    /* sku                  */ 'the-joy-of-motion',
    /* upc                  */ '817424013895',
    /* manufacturer         */ 'Record Company',
    /* brand                */ 'Animals As Leaders',
    /* quantity             */ 123,
    /* taxable              */ 'true',
    /* price                */ 12.34,
    /* on_sale              */ 'false',
    /* sale_price           */ 0.00,
    /* cost                 */ 5,
    /* product_weight       */ 1,
    /* product_height       */ 12,
    /* product_width        */ 12,
    /* product_length       */ .5,
    /* package_weight       */ 1,
    /* package_height       */ 12,
    /* package_width        */ 12,
    /* package_length       */ .5,
    /* quantity_per_package */ 1
),
(
    /* product_root_id      */ 6,
    /* name                 */ 'Mort Garson - Mother Earth''s Plantasia',
    /* subtitle             */ 'A solid synth album',
    /* description          */ 'Arbitrary description can go here because real product descriptions are technically copywritten.',
    /* option_summary       */ '',
    /* sku                  */ 'mother-earths-plantasia',
    /* upc                  */ '5291103812552',
    /* manufacturer         */ 'Record Company',
    /* brand                */ 'Mort Garson',
    /* quantity             */ 123,
    /* taxable              */ 'true',
    /* price                */ 12.34,
    /* on_sale              */ 'false',
    /* sale_price           */ 0.00,
    /* cost                 */ 5,
    /* product_weight       */ 1,
    /* product_height       */ 12,
    /* product_width        */ 12,
    /* product_length       */ .5,
    /* package_weight       */ 1,
    /* package_height       */ 12,
    /* package_width        */ 12,
    /* package_length       */ .5,
    /* quantity_per_package */ 1
),
(
    /* product_root_id      */ 7,
    /* name                 */ 'Camel - The Snow Goose',
    /* subtitle             */ 'A solid prog rock album',
    /* description          */ 'Arbitrary description can go here because real product descriptions are technically copywritten.',
    /* option_summary       */ '',
    /* sku                  */ 'the-snow-goose',
    /* upc                  */ '600753356661',
    /* manufacturer         */ 'Record Company',
    /* brand                */ 'Camel',
    /* quantity             */ 123,
    /* taxable              */ 'true',
    /* price                */ 12.34,
    /* on_sale              */ 'false',
    /* sale_price           */ 0.00,
    /* cost                 */ 5,
    /* product_weight       */ 1,
    /* product_height       */ 12,
    /* product_width        */ 12,
    /* product_length       */ .5,
    /* package_weight       */ 1,
    /* package_height       */ 12,
    /* package_width        */ 12,
    /* package_length       */ .5,
    /* quantity_per_package */ 1
),
(
    /* product_root_id      */ 8,
    /* name                 */ 'Piglet - Lava Land',
    /* subtitle             */ 'Another solid math rock album',
    /* description          */ 'Arbitrary description can go here because real product descriptions are technically copywritten.',
    /* option_summary       */ '',
    /* sku                  */ 'lava-land',
    /* upc                  */ '',
    /* manufacturer         */ 'Record Company',
    /* brand                */ 'Piglet',
    /* quantity             */ 123,
    /* taxable              */ 'true',
    /* price                */ 12.34,
    /* on_sale              */ 'false',
    /* sale_price           */ 0.00,
    /* cost                 */ 5,
    /* product_weight       */ 1,
    /* product_height       */ 12,
    /* product_width        */ 12,
    /* product_length       */ .5,
    /* package_weight       */ 1,
    /* package_height       */ 12,
    /* package_width        */ 12,
    /* package_length       */ .5,
    /* quantity_per_package */ 1
),
(
    /* product_root_id      */ 9,
    /* name                 */ 'Tera Melos - Untitled',
    /* subtitle             */ 'Yet another solid math rock album',
    /* description          */ 'Arbitrary description can go here because real product descriptions are technically copywritten.',
    /* option_summary       */ '',
    /* sku                  */ 'untitled',
    /* upc                  */ '634457550513',
    /* manufacturer         */ 'Record Company',
    /* brand                */ 'Tera Melos',
    /* quantity             */ 123,
    /* taxable              */ 'true',
    /* price                */ 12.34,
    /* on_sale              */ 'false',
    /* sale_price           */ 0.00,
    /* cost                 */ 5,
    /* product_weight       */ 1,
    /* product_height       */ 12,
    /* product_width        */ 12,
    /* product_length       */ .5,
    /* package_weight       */ 1,
    /* package_height       */ 12,
    /* package_width        */ 12,
    /* package_length       */ .5,
    /* quantity_per_package */ 1
),
(
    /* product_root_id      */ 10,
    /* name                 */ 'Frank Zappa - Jazz From Hell',
    /* subtitle             */ 'A solid Zappa album',
    /* description          */ 'Arbitrary description can go here because real product descriptions are technically copywritten.',
    /* option_summary       */ '',
    /* sku                  */ 'jazz-from-hell',
    /* upc                  */ '013347420516',
    /* manufacturer         */ 'Record Company',
    /* brand                */ 'Frank Zappa',
    /* quantity             */ 123,
    /* taxable              */ 'true',
    /* price                */ 12.34,
    /* on_sale              */ 'false',
    /* sale_price           */ 0.00,
    /* cost                 */ 5,
    /* product_weight       */ 1,
    /* product_height       */ 12,
    /* product_width        */ 12,
    /* product_length       */ .5,
    /* package_weight       */ 1,
    /* package_height       */ 12,
    /* package_width        */ 12,
    /* package_length       */ .5,
    /* quantity_per_package */ 1
),
(
    /* product_root_id      */ 11,
    /* name                 */ 'CHON - Newborn Sun',
    /* subtitle             */ 'Yet another solid math rock album',
    /* description          */ 'Arbitrary description can go here because real product descriptions are technically copywritten.',
    /* option_summary       */ '',
    /* sku                  */ 'newborn-sun',
    /* upc                  */ '794558090315',
    /* manufacturer         */ 'Record Company',
    /* brand                */ 'CHON',
    /* quantity             */ 123,
    /* taxable              */ 'true',
    /* price                */ 12.34,
    /* on_sale              */ 'false',
    /* sale_price           */ 0.00,
    /* cost                 */ 5,
    /* product_weight       */ 1,
    /* product_height       */ 12,
    /* product_width        */ 12,
    /* product_length       */ .5,
    /* package_weight       */ 1,
    /* package_height       */ 12,
    /* package_width        */ 12,
    /* package_length       */ .5,
    /* quantity_per_package */ 1
);

INSERT INTO product_options
(
    "name",
    "product_root_id"
)
VALUES
('color', 1),
('size',  1 );

INSERT INTO product_option_values
(
    "product_option_id",
    "value"
)
VALUES
(1, 'red'   ),
(1, 'green' ),
(1, 'blue'  ),
(2, 'small' ),
(2, 'medium'),
(2, 'large' );

INSERT INTO product_variant_bridge
(
    "id",
    "product_id",
    "product_option_value_id"
)
VALUES
(1,  1, 1),
(2,  1, 4),
(3,  2, 1),
(4,  2, 5),
(5,  3, 1),
(6,  3, 6),
(7,  4, 3),
(8,  4, 4),
(9,  5, 3),
(10, 5, 5),
(11, 6, 3),
(12, 6, 6),
(13, 7, 2),
(14, 7, 4),
(15, 8, 2),
(16, 8, 5),
(17, 9, 2),
(18, 9, 6);

INSERT INTO discounts
(
    "name",
    "discount_type",
    "amount",
    "starts_on",
    "expires_on"
)
VALUES
(
    '10% off',
    'percentage',
    10.00,
    NOW(),
    NOW() + (1 * interval '1 month')
),
(
    '50% off',
    'percentage',
    50.00,
    NOW(),
    null
),
(
    'New customer special',
    'flat_amount',
    10.00,
    NOW(),
    null
);

INSERT INTO webhooks
(
    "url",
    "event_type"
)
VALUES
(
    'http://httpbin/status/200',
    'product_created'
),
(
    'http://httpbin/status/200',
    'product_updated'
),
(
    'http://httpbin/status/200',
    'product_archived'
);
